{
  "pools": [
    {
      "rolls": 10,
      "bonus_rolls": 10,
      "entries": [
        {
          "type": "minecraft:item",
          "weight": 8,
          "name": "minecraft:bread"
        },
        {
          "type": "minecraft:item",
          "weight": 5,
          "name": "minecraft:iron_ingot"
        },
        {
          "type": "minecraft:item",
          "weight": 25,
          "name": "minecraft:spruce_planks"
        },
        {
          "type": "minecraft:item",
          "weight": 10,
          "name": "minecraft:lantern"
        },
        {
          "type": "minecraft:item",
          "weight": 3,
          "name": "minecraft:diamond"
        },
        {
          "type": "minecraft:item",
          "weight": 20,
          "name": "minecraft:spruce_log"
        }
      ]
    }
  ]
}
