{
	"credit": "Made with Blockbench",
	"texture_size": [32, 32],
	"textures": {
		"1": "themod:item/op_sword"
	},
	"elements": [
		{
			"name": "end_cap",
			"from": [7.375, 0.5, 6.75],
			"to": [9.625, 1, 8.25],
			"faces": {
				"north": {"uv": [7, 5, 8, 5.5], "texture": "#1"},
				"east": {"uv": [5.5, 7, 6.5, 7.5], "texture": "#1"},
				"south": {"uv": [7, 5.5, 8, 6], "texture": "#1"},
				"west": {"uv": [7, 6, 8, 6.5], "texture": "#1"},
				"up": {"uv": [4, 2, 3, 1], "texture": "#1"},
				"down": {"uv": [5, 1, 4, 2], "texture": "#1"}
			}
		},
		{
			"name": "hand_guard_1",
			"from": [5.375, 5.5, 7.125],
			"to": [6.125, 6, 7.875],
			"faces": {
				"north": {"uv": [6, 8, 6.5, 8.5], "texture": "#1"},
				"east": {"uv": [8, 6, 8.5, 6.5], "texture": "#1"},
				"south": {"uv": [6.5, 8, 7, 8.5], "texture": "#1"},
				"west": {"uv": [8, 6.5, 8.5, 7], "texture": "#1"},
				"up": {"uv": [7.5, 8.5, 7, 8], "texture": "#1"},
				"down": {"uv": [8, 8, 7.5, 8.5], "texture": "#1"}
			}
		},
		{
			"name": "hand_guard_2",
			"from": [4.625, 5.5, 6.75],
			"to": [5.375, 6, 8.25],
			"faces": {
				"north": {"uv": [6, 8, 6.5, 8.5], "texture": "#1"},
				"east": {"uv": [8, 6, 8.5, 6.5], "texture": "#1"},
				"south": {"uv": [6.5, 8, 7, 8.5], "texture": "#1"},
				"west": {"uv": [8, 6.5, 8.5, 7], "texture": "#1"},
				"up": {"uv": [7.5, 8.5, 7, 8], "texture": "#1"},
				"down": {"uv": [8, 8, 7.5, 8.5], "texture": "#1"}
			}
		},
		{
			"name": "hand_guard_3",
			"from": [11.63281, 5.5, 6.75],
			"to": [12.38281, 6, 8.25],
			"faces": {
				"north": {"uv": [6, 8, 6.5, 8.5], "texture": "#1"},
				"east": {"uv": [8, 6, 8.5, 6.5], "texture": "#1"},
				"south": {"uv": [6.5, 8, 7, 8.5], "texture": "#1"},
				"west": {"uv": [8, 6.5, 8.5, 7], "texture": "#1"},
				"up": {"uv": [7.5, 8.5, 7, 8], "texture": "#1"},
				"down": {"uv": [8, 8, 7.5, 8.5], "texture": "#1"}
			}
		},
		{
			"name": "hand_guard_4",
			"from": [10.875, 5.5, 7],
			"to": [11.625, 6, 8],
			"faces": {
				"north": {"uv": [8, 7.5, 8.5, 8], "texture": "#1"},
				"east": {"uv": [8, 8, 8.5, 8.5], "texture": "#1"},
				"south": {"uv": [8.5, 0, 9, 0.5], "texture": "#1"},
				"west": {"uv": [0.5, 8.5, 1, 9], "texture": "#1"},
				"up": {"uv": [9, 1, 8.5, 0.5], "texture": "#1"},
				"down": {"uv": [1.5, 8.5, 1, 9], "texture": "#1"}
			}
		},
		{
			"name": "hand_guard_5",
			"from": [6.75, 5.52734, 6.375],
			"to": [10.25, 5.97266, 8.625],
			"faces": {
				"north": {"uv": [2.5, 5.5, 4.5, 6], "texture": "#1"},
				"east": {"uv": [6.5, 7, 7.5, 7.5], "texture": "#1"},
				"south": {"uv": [5.5, 2.5, 7.5, 3], "texture": "#1"},
				"west": {"uv": [7, 6.5, 8, 7], "texture": "#1"},
				"up": {"uv": [2, 4, 0, 3], "texture": "#1"},
				"down": {"uv": [5, 0, 3, 1], "texture": "#1"}
			}
		},
		{
			"name": "hand_guard_6",
			"from": [6.125, 5.5, 6.625],
			"to": [10.875, 6, 8.375],
			"faces": {
				"north": {"uv": [2, 5, 4.5, 5.5], "texture": "#1"},
				"east": {"uv": [2.5, 7, 3.5, 7.5], "texture": "#1"},
				"south": {"uv": [5, 2, 7.5, 2.5], "texture": "#1"},
				"west": {"uv": [3.5, 7, 4.5, 7.5], "texture": "#1"},
				"up": {"uv": [2.5, 3, 0, 2], "texture": "#1"},
				"down": {"uv": [5, 2, 2.5, 3], "texture": "#1"}
			}
		},
		{
			"name": "handle",
			"from": [8, 1, 7.125],
			"to": [9, 5.5, 7.875],
			"faces": {
				"north": {"uv": [5, 2.5, 5.5, 5], "texture": "#1"},
				"east": {"uv": [4.5, 5, 5, 7.5], "texture": "#1"},
				"south": {"uv": [5, 5, 5.5, 7.5], "texture": "#1"},
				"west": {"uv": [2, 5.5, 2.5, 8], "texture": "#1"},
				"up": {"uv": [9, 1.5, 8.5, 1], "texture": "#1"},
				"down": {"uv": [9, 1.5, 8.5, 2], "texture": "#1"}
			}
		},
		{
			"from": [7.75, 6, 6.75],
			"to": [9.25, 10, 8.25],
			"faces": {
				"north": {"uv": [2, 3, 3, 5], "texture": "#1"},
				"east": {"uv": [3, 3, 4, 5], "texture": "#1"},
				"south": {"uv": [0, 4, 1, 6], "texture": "#1"},
				"west": {"uv": [1, 4, 2, 6], "texture": "#1"},
				"up": {"uv": [6.5, 4, 5.5, 3], "texture": "#1"},
				"down": {"uv": [6.5, 4, 5.5, 5], "texture": "#1"}
			}
		},
		{
			"from": [7.875, 10, 6.875],
			"to": [9.125, 12, 8.125],
			"faces": {
				"north": {"uv": [1.5, 6, 2, 7], "texture": "#1"},
				"east": {"uv": [1.5, 7, 2, 8], "texture": "#1"},
				"south": {"uv": [7.5, 2, 8, 3], "texture": "#1"},
				"west": {"uv": [2.5, 7.5, 3, 8.5], "texture": "#1"},
				"up": {"uv": [3, 9, 2.5, 8.5], "texture": "#1"},
				"down": {"uv": [3.5, 8.5, 3, 9], "texture": "#1"}
			}
		},
		{
			"from": [8, 12, 7],
			"to": [9, 14, 8],
			"faces": {
				"north": {"uv": [3, 7.5, 3.5, 8.5], "texture": "#1"},
				"east": {"uv": [7.5, 3, 8, 4], "texture": "#1"},
				"south": {"uv": [3.5, 7.5, 4, 8.5], "texture": "#1"},
				"west": {"uv": [4, 7.5, 4.5, 8.5], "texture": "#1"},
				"up": {"uv": [9, 3.5, 8.5, 3], "texture": "#1"},
				"down": {"uv": [4, 8.5, 3.5, 9], "texture": "#1"}
			}
		},
		{
			"from": [8.125, 14, 7.125],
			"to": [8.875, 15.5, 7.875],
			"faces": {
				"north": {"uv": [7.5, 4, 8, 5], "texture": "#1"},
				"east": {"uv": [4.5, 7.5, 5, 8.5], "texture": "#1"},
				"south": {"uv": [5, 7.5, 5.5, 8.5], "texture": "#1"},
				"west": {"uv": [5.5, 7.5, 6, 8.5], "texture": "#1"},
				"up": {"uv": [9, 4, 8.5, 3.5], "texture": "#1"},
				"down": {"uv": [4.5, 8.5, 4, 9], "texture": "#1"}
			}
		},
		{
			"from": [7.375, 6, 7],
			"to": [9.625, 10, 8],
			"faces": {
				"north": {"uv": [4, 3, 5, 5], "texture": "#1"},
				"east": {"uv": [5.5, 5, 6, 7], "texture": "#1"},
				"south": {"uv": [5, 0, 6, 2], "texture": "#1"},
				"west": {"uv": [0, 6, 0.5, 8], "texture": "#1"},
				"up": {"uv": [7, 8, 6, 7.5], "texture": "#1"},
				"down": {"uv": [8, 7.5, 7, 8], "texture": "#1"}
			}
		},
		{
			"from": [7.5, 10, 7.125],
			"to": [9.5, 12, 7.875],
			"faces": {
				"north": {"uv": [6, 0, 7, 1], "texture": "#1"},
				"east": {"uv": [0, 8, 0.5, 9], "texture": "#1"},
				"south": {"uv": [0.5, 6, 1.5, 7], "texture": "#1"},
				"west": {"uv": [8, 0, 8.5, 1], "texture": "#1"},
				"up": {"uv": [8.5, 7.5, 7.5, 7], "texture": "#1"},
				"down": {"uv": [1.5, 8, 0.5, 8.5], "texture": "#1"}
			}
		},
		{
			"from": [7.75, 14, 7.375],
			"to": [9.25, 15.625, 7.625],
			"faces": {
				"north": {"uv": [6, 1, 7, 2], "texture": "#1"},
				"east": {"uv": [8, 1, 8.5, 2], "texture": "#1"},
				"south": {"uv": [2.5, 6, 3.5, 7], "texture": "#1"},
				"west": {"uv": [1.5, 8, 2, 9], "texture": "#1"},
				"up": {"uv": [9, 2.5, 8, 2], "texture": "#1"},
				"down": {"uv": [9, 2.5, 8, 3], "texture": "#1"}
			}
		},
		{
			"from": [8, 15.625, 7.375],
			"to": [9, 16, 7.625],
			"faces": {
				"north": {"uv": [4.5, 8.5, 5, 9], "texture": "#1"},
				"east": {"uv": [5, 8.5, 5.5, 9], "texture": "#1"},
				"south": {"uv": [5.5, 8.5, 6, 9], "texture": "#1"},
				"west": {"uv": [6, 8.5, 6.5, 9], "texture": "#1"},
				"up": {"uv": [9, 6.5, 8.5, 6], "texture": "#1"},
				"down": {"uv": [7, 8.5, 6.5, 9], "texture": "#1"}
			}
		},
		{
			"from": [8.25, 16, 7.41406],
			"to": [8.75, 16.375, 7.58594],
			"faces": {
				"north": {"uv": [8.5, 6.5, 9, 7], "texture": "#1"},
				"east": {"uv": [7, 8.5, 7.5, 9], "texture": "#1"},
				"south": {"uv": [8.5, 7, 9, 7.5], "texture": "#1"},
				"west": {"uv": [7.5, 8.5, 8, 9], "texture": "#1"},
				"up": {"uv": [9, 8, 8.5, 7.5], "texture": "#1"},
				"down": {"uv": [8.5, 8.5, 8, 9], "texture": "#1"}
			}
		},
		{
			"from": [7.625, 12, 7.25],
			"to": [9.375, 14, 7.75],
			"faces": {
				"north": {"uv": [3.5, 6, 4.5, 7], "texture": "#1"},
				"east": {"uv": [2, 8, 2.5, 9], "texture": "#1"},
				"south": {"uv": [6, 5, 7, 6], "texture": "#1"},
				"west": {"uv": [8, 3, 8.5, 4], "texture": "#1"},
				"up": {"uv": [9, 4.5, 8, 4], "texture": "#1"},
				"down": {"uv": [9, 4.5, 8, 5], "texture": "#1"}
			}
		},
		{
			"from": [7.25, 6, 7.5],
			"to": [9.75, 10, 7.5],
			"faces": {
				"north": {"uv": [0, 0, 1.5, 2], "texture": "#1"},
				"east": {"uv": [0, 0, 0, 2], "texture": "#1"},
				"south": {"uv": [1.5, 0, 3, 2], "texture": "#1"},
				"west": {"uv": [0, 0, 0, 2], "texture": "#1"},
				"up": {"uv": [1.5, 0, 0, 0], "texture": "#1"},
				"down": {"uv": [1.5, 0, 0, 0], "texture": "#1"}
			}
		},
		{
			"from": [7.375, 10, 7.5],
			"to": [9.625, 12, 7.5],
			"faces": {
				"north": {"uv": [6, 6, 7, 7], "texture": "#1"},
				"east": {"uv": [0, 0, 0, 1], "texture": "#1"},
				"south": {"uv": [6.5, 3, 7.5, 4], "texture": "#1"},
				"west": {"uv": [0, 0, 0, 1], "texture": "#1"},
				"up": {"uv": [1, 0, 0, 0], "texture": "#1"},
				"down": {"uv": [1, 0, 0, 0], "texture": "#1"}
			}
		},
		{
			"from": [7.5, 12, 7.5],
			"to": [9.5, 14, 7.5],
			"faces": {
				"north": {"uv": [6.5, 4, 7.5, 5], "texture": "#1"},
				"east": {"uv": [0, 0, 0, 1], "texture": "#1"},
				"south": {"uv": [7, 0, 8, 1], "texture": "#1"},
				"west": {"uv": [0, 0, 0, 1], "texture": "#1"},
				"up": {"uv": [1, 0, 0, 0], "texture": "#1"},
				"down": {"uv": [1, 0, 0, 0], "texture": "#1"}
			}
		},
		{
			"from": [7.625, 14, 7.5],
			"to": [9.375, 15.625, 7.5],
			"faces": {
				"north": {"uv": [0.5, 7, 1.5, 8], "texture": "#1"},
				"east": {"uv": [0, 0, 0, 1], "texture": "#1"},
				"south": {"uv": [7, 1, 8, 2], "texture": "#1"},
				"west": {"uv": [0, 0, 0, 1], "texture": "#1"},
				"up": {"uv": [1, 0, 0, 0], "texture": "#1"},
				"down": {"uv": [1, 0, 0, 0], "texture": "#1"}
			}
		},
		{
			"from": [7.75, 15.625, 7.5],
			"to": [9.25, 16, 7.5],
			"faces": {
				"north": {"uv": [8, 5, 9, 5.5], "texture": "#1"},
				"east": {"uv": [0, 0, 0, 0.5], "texture": "#1"},
				"south": {"uv": [8, 5.5, 9, 6], "texture": "#1"},
				"west": {"uv": [0, 0, 0, 0.5], "texture": "#1"},
				"up": {"uv": [1, 0, 0, 0], "texture": "#1"},
				"down": {"uv": [1, 0, 0, 0], "texture": "#1"}
			}
		},
		{
			"from": [7.875, 16, 7.5],
			"to": [9.125, 16.375, 7.5],
			"faces": {
				"north": {"uv": [8.5, 8, 9, 8.5], "texture": "#1"},
				"east": {"uv": [0, 0, 0, 0.5], "texture": "#1"},
				"south": {"uv": [8.5, 8.5, 9, 9], "texture": "#1"},
				"west": {"uv": [0, 0, 0, 0.5], "texture": "#1"},
				"up": {"uv": [0.5, 0, 0, 0], "texture": "#1"},
				"down": {"uv": [0.5, 0, 0, 0], "texture": "#1"}
			}
		},
		{
			"from": [8.125, 16.375, 7.5],
			"to": [8.875, 16.75, 7.5],
			"faces": {
				"north": {"uv": [0, 9, 0.5, 9.5], "texture": "#1"},
				"east": {"uv": [0, 0, 0, 0.5], "texture": "#1"},
				"south": {"uv": [9, 0, 9.5, 0.5], "texture": "#1"},
				"west": {"uv": [0, 0, 0, 0.5], "texture": "#1"},
				"up": {"uv": [0.5, 0, 0, 0], "texture": "#1"},
				"down": {"uv": [0.5, 0, 0, 0], "texture": "#1"}
			}
		}
	],
	"display": {
		"thirdperson_righthand": {
			"rotation": [0, 90, 0],
			"translation": [0.5, 7.25, 0.5],
			"scale": [1.3, 2, 1.5]
		},
		"thirdperson_lefthand": {
			"rotation": [0, 90, 0],
			"translation": [0, 6.5, -0.5],
			"scale": [1.3, 2, 1.5]
		},
		"firstperson_righthand": {
			"rotation": [-180, 80.5, 169.75],
			"translation": [1, 4, -0.75],
			"scale": [1.3, 2, 1.5]
		},
		"firstperson_lefthand": {
			"rotation": [-2.51, -72.25, 2.6],
			"translation": [0, 2, -1.25],
			"scale": [1.3, 2, 1.5]
		},
		"ground": {
			"translation": [0, 11.75, 0],
			"scale": [1.3, 2, 1.5]
		},
		"fixed": {
			"rotation": [0, 0, -42],
			"translation": [-1, 0, 0],
			"scale": [1.2, 1.8, 1.35]
		}
	},
	"groups": [
		{
			"name": "bottom",
			"origin": [0, 0, 0],
			"color": 0,
			"children": [0, 1, 2, 3, 4, 5, 6, 7]
		},
		{
			"name": "blade",
			"origin": [0, 0, 0],
			"color": 0,
			"children": [8, 9, 10, 11, 12, 13, 14, 15, 16, 17, 18, 19, 20, 21, 22, 23, 24]
		}
	]
}